url,doc
https://baidu.com/in/lacus/curabitur.js,eget eros elementum pellentesque quisque porta volutpat erat quisque erat eros viverra eget congue eget
http://jalbum.net/tempor/turpis/nec/euismod/scelerisque/quam.png,primis in faucibus orci luctus et ultrices posuere cubilia curae donec pharetra magna
https://gov.uk/eget/elit/sodales/scelerisque/mauris/sit.html,faucibus orci luctus et ultrices posuere cubilia curae nulla dapibus
http://netlog.com/condimentum.js,et tempus semper est quam pharetra magna ac consequat metus sapien ut nunc vestibulum ante ipsum
https://trellian.com/felis/eu/sapien/cursus/vestibulum/proin/eu.html,nisl venenatis lacinia aenean sit amet justo morbi ut odio cras mi pede malesuada in imperdiet et
https://mozilla.com/nec/dui/luctus/rutrum.xml,vitae nisi nam ultrices libero non mattis pulvinar nulla pede ullamcorper augue a suscipit
https://360.cn/justo/aliquam/quis/turpis.js,libero ut massa volutpat convallis morbi odio odio elementum eu interdum eu
http://princeton.edu/accumsan/tortor/quis.jsp,elementum nullam varius nulla facilisi cras non velit nec nisi vulputate nonummy maecenas tincidunt lacus at velit vivamus vel
http://alibaba.com/mauris/laoreet/ut/rhoncus/aliquet/pulvinar.jsp,diam vitae quam suspendisse potenti nullam porttitor lacus at turpis donec posuere metus vitae ipsum aliquam
http://hp.com/enim/in.jpg,nec sem duis aliquam convallis nunc proin at turpis a pede posuere nonummy integer non velit donec
